Word,DataDict Value,Start,End
the,121.267179670201,0.3,0.9
fluffy,150.00437334553368,0.9,1.4
peacefully,143.8990967724027,2.3,2.5
on,139.08456963419528,2.5,3.0
warm,125.43515530638776,3.1,3.8
Windows,123.71130882463758,3.8,4.0
basking,157.8762393068581,5.0,6.1
in,133.87634198024622,6.1,6.2
gentle,135.87226050189705,6.2,6.8
sunlight,119.44670161740557,6.8,7.4
that,123.1207325158836,7.4,7.6
streamed,145.58605782754827,7.6,8.5
glass,121.72675564833203,8.8,10.4
